{
"std_dev_x" : [141.64699919080138, 143.94153161808202, 35.95125576975066, 37.363026998014945, 39.29603948985742, 21.524166162505498, 24.467690517812102, 22.686576380400506, 155.2626390071975, 153.45360308059173]
} 
{
"std_dev_y" : [27.25321560141055, 27.696338365645893, 21.382235659346296, 129.97728454425456, 139.57327396294744, 130.34492738527564, 155.53048234122852, 10.893578670985171, 10.219885860955245, 48.304261704704686]
} 
{
"std_dev_angle" : [2.432179671759952, 2.6650432042927954, 2.8585287973285025, 2.9050898723708913, 2.938456722651829, 3.18712199827894, 3.202471546530853, 3.0544053216373213, 3.1617470395744327, 3.1089340281485387]
} 
