{
"std_dev_x" : [86.61147258318293, 93.13016531678608, 43.0474702652611, 23.531783010472687, 27.716575395744336, 18.77312408261642, 19.704527762064085, 12.587397159141783, 98.21218321299108, 77.46296806835414, 49.88288151841799, 51.20739217516594, 8.432239536898072, 8.432239536898072]
} 
{
"std_dev_y" : [54.08390490928863, 47.490318684693975, 28.247242227113997, 86.01618518882304, 88.69767969606013, 87.68409043738409, 105.64933866302383, 12.486625399412587, 13.022153441087875, 30.791388392043007, 17.912654114923875, 17.10914656504365, 6.764465570500169, 6.764465570500169]
} 
{
"std_dev_angle" : [1.7099760320484811, 2.7135265636770876, 4.348521515014634, 2.072921479542555, 2.037516407515513, 2.1564460699621235, 2.136068014157355, 2.0464804671089007, 4.205905965476915, 1.5392938801663294, 4.066989094606726, 3.9325840365815, 0.1561979656931975, 0.1561979656931975]
} 
